"BehaviorSpace results (NetLogo 6.0.2)"
"Shared Space Model2.nlogo"
"Adjusted"
"04/14/2018 17:08:11:565 +0800"
"min-pxcor","max-pxcor","min-pycor","max-pycor"
"-80","80","-80","80"
"[run number]","1","1","1","1","1","2","2","2","2","2","3","3","3","3","3","4","4","4","4","4","5","5","5","5","5","6","6","6","6","6","7","7","7","7","7","8","8","8","8","8","9","9","9","9","9","10","10","10","10","10","11","11","11","11","11","12","12","12","12","12","13","13","13","13","13"
"num-pedestrians","1",,,,,"1",,,,,"1",,,,,"1",,,,,"1",,,,,"1",,,,,"1",,,,,"1",,,,,"1",,,,,"1",,,,,"1",,,,,"1",,,,,"1",,,,
"car-size","10",,,,,"10",,,,,"10",,,,,"10",,,,,"10",,,,,"10",,,,,"10",,,,,"10",,,,,"10",,,,,"10",,,,,"10",,,,,"10",,,,,"10",,,,
"pedestrians-spawn-mean","60",,,,,"60",,,,,"60",,,,,"60",,,,,"60",,,,,"60",,,,,"60",,,,,"60",,,,,"60",,,,,"60",,,,,"60",,,,,"60",,,,,"60",,,,
"average-pedestrian-movespeed","1.3",,,,,"1.3",,,,,"1.3",,,,,"1.3",,,,,"1.3",,,,,"1.3",,,,,"1.3",,,,,"1.3",,,,,"1.3",,,,,"1.3",,,,,"1.3",,,,,"1.3",,,,,"1.3",,,,
"average-pedestrian-cautiousness","1",,,,,"1",,,,,"1",,,,,"1",,,,,"1",,,,,"1",,,,,"1",,,,,"1",,,,,"1",,,,,"1",,,,,"1",,,,,"1",,,,,"1",,,,
"pedestrian-size","2.4",,,,,"2.4",,,,,"2.4",,,,,"2.4",,,,,"2.4",,,,,"2.4",,,,,"2.4",,,,,"2.4",,,,,"2.4",,,,,"2.4",,,,,"2.4",,,,,"2.4",,,,,"2.4",,,,
"cars-spawn-mean","9",,,,,"9",,,,,"9",,,,,"9",,,,,"9",,,,,"9",,,,,"9",,,,,"9",,,,,"9",,,,,"9",,,,,"9",,,,,"9",,,,,"9",,,,
"average-driver-visibility-range","20",,,,,"20",,,,,"20",,,,,"20",,,,,"20",,,,,"20",,,,,"20",,,,,"20",,,,,"20",,,,,"20",,,,,"20",,,,,"20",,,,,"20",,,,
"vehicle-speed-limit","4",,,,,"4.5",,,,,"5",,,,,"5.5",,,,,"6",,,,,"6.5",,,,,"7",,,,,"7.5",,,,,"8",,,,,"8.5",,,,,"9",,,,,"9.5",,,,,"10",,,,
"num-cars","1",,,,,"1",,,,,"1",,,,,"1",,,,,"1",,,,,"1",,,,,"1",,,,,"1",,,,,"1",,,,,"1",,,,,"1",,,,,"1",,,,,"1",,,,
"average-driver-cautiousness","1",,,,,"1",,,,,"1",,,,,"1",,,,,"1",,,,,"1",,,,,"1",,,,,"1",,,,,"1",,,,,"1",,,,,"1",,,,,"1",,,,,"1",,,,
"average-pedestrian-visibility-range","20",,,,,"20",,,,,"20",,,,,"20",,,,,"20",,,,,"20",,,,,"20",,,,,"20",,,,,"20",,,,,"20",,,,,"20",,,,,"20",,,,,"20",,,,
"deviation-level","0.15",,,,,"0.15",,,,,"0.15",,,,,"0.15",,,,,"0.15",,,,,"0.15",,,,,"0.15",,,,,"0.15",,,,,"0.15",,,,,"0.15",,,,,"0.15",,,,,"0.15",,,,,"0.15",,,,
"[steps]","7200","7200","7200","7200","7200","7200","7200","7200","7200","7200","7200","7200","7200","7200","7200","7200","7200","7200","7200","7200","7200","7200","7200","7200","7200","7200","7200","7200","7200","7200","7200","7200","7200","7200","7200","7200","7200","7200","7200","7200","7200","7200","7200","7200","7200","7200","7200","7200","7200","7200","7200","7200","7200","7200","7200","7200","7200","7200","7200","7200","7200","7200","7200","7200","7200"

"[initial & final values]","pedestrian-average-stress-so-far","car-average-stress-so-far","pedestrian-average-time-to-destination","car-average-time-to-destination","num-accidents","pedestrian-average-stress-so-far","car-average-stress-so-far","pedestrian-average-time-to-destination","car-average-time-to-destination","num-accidents","pedestrian-average-stress-so-far","car-average-stress-so-far","pedestrian-average-time-to-destination","car-average-time-to-destination","num-accidents","pedestrian-average-stress-so-far","car-average-stress-so-far","pedestrian-average-time-to-destination","car-average-time-to-destination","num-accidents","pedestrian-average-stress-so-far","car-average-stress-so-far","pedestrian-average-time-to-destination","car-average-time-to-destination","num-accidents","pedestrian-average-stress-so-far","car-average-stress-so-far","pedestrian-average-time-to-destination","car-average-time-to-destination","num-accidents","pedestrian-average-stress-so-far","car-average-stress-so-far","pedestrian-average-time-to-destination","car-average-time-to-destination","num-accidents","pedestrian-average-stress-so-far","car-average-stress-so-far","pedestrian-average-time-to-destination","car-average-time-to-destination","num-accidents","pedestrian-average-stress-so-far","car-average-stress-so-far","pedestrian-average-time-to-destination","car-average-time-to-destination","num-accidents","pedestrian-average-stress-so-far","car-average-stress-so-far","pedestrian-average-time-to-destination","car-average-time-to-destination","num-accidents","pedestrian-average-stress-so-far","car-average-stress-so-far","pedestrian-average-time-to-destination","car-average-time-to-destination","num-accidents","pedestrian-average-stress-so-far","car-average-stress-so-far","pedestrian-average-time-to-destination","car-average-time-to-destination","num-accidents","pedestrian-average-stress-so-far","car-average-stress-so-far","pedestrian-average-time-to-destination","car-average-time-to-destination","num-accidents"
,"46.844328742748495","27.904424146950866","124.53225806451613","35.15330520393812","148","46.765383915755514","15.652183100734987","132.1171875","31.40680473372781","106","37.6771765589137","17.716131409144303","135.2248062015504","27.59662775616083","104","18.560074646611046","6.602688424538669","104.14516129032258","24.24198250728863","66","16.743095932636265","4.991070574175862","102.79508196721312","22.255988023952096","56","19.90422743899618","6.088192087966388","105.58260869565217","20.83402489626556","40","16.357774393268812","2.4843374410467094","116.85576923076923","18.914685314685315","35","8.750527851090403","1.4386045680947765","98.13513513513513","16.958041958041957","23","7.120424132981448","5.83657287057065","88.2695652173913","17.772661870503597","25","10.58175209519841","1.1616659721257572","102.15126050420169","15.115902964959568","22","6.821112886048999","0.9801701955959492","95.87288135593221","14.301272984441301","13","7.437293870180369","0.959198036764364","91.88617886178862","13.768688293370944","11","7.337123211557165","0.8278279390656105","95.90977443609023","12.7310443490701","12"
